label,pred,pred_proba
"[0.0, 1.0]",1,0.9578292369842529
"[0.0, 1.0]",0,0.060685895383358
"[0.0, 1.0]",0,0.09954900294542313
"[0.0, 1.0]",0,0.02280895970761776
"[0.0, 1.0]",1,0.7058871388435364
"[0.0, 1.0]",0,0.18552802503108978
"[0.0, 1.0]",0,0.014040431939065456
"[0.0, 1.0]",1,0.5605385899543762
"[0.0, 1.0]",1,0.9866272807121277
"[0.0, 1.0]",0,0.4377062916755676
"[0.0, 1.0]",1,0.5275477170944214
"[0.0, 1.0]",0,0.47628387808799744
"[0.0, 1.0]",0,0.015171477571129799
"[0.0, 1.0]",0,0.028750507161021233
"[0.0, 1.0]",0,0.010244399309158325
"[0.0, 1.0]",1,0.8873096704483032
"[0.0, 1.0]",0,0.0815952867269516
"[0.0, 1.0]",1,0.9746789932250977
"[0.0, 1.0]",1,0.9490859508514404
"[0.0, 1.0]",1,0.8883348107337952
"[0.0, 1.0]",1,0.9351430535316467
"[0.0, 1.0]",0,0.10114091634750366
"[0.0, 1.0]",1,0.9846063852310181
"[0.0, 1.0]",0,0.12311740964651108
"[0.0, 1.0]",0,0.032615501433610916
"[0.0, 1.0]",0,0.03355914726853371
"[0.0, 1.0]",0,0.034654419869184494
"[0.0, 1.0]",1,0.9770404100418091
"[0.0, 1.0]",1,0.9027802348136902
"[0.0, 1.0]",1,0.9254999756813049
"[0.0, 1.0]",0,0.010700267739593983
"[0.0, 1.0]",1,0.8413353562355042
"[0.0, 1.0]",1,0.994074285030365
"[0.0, 1.0]",1,0.8046899437904358
"[0.0, 1.0]",0,0.22498676180839539
"[0.0, 1.0]",1,0.9704927206039429
"[0.0, 1.0]",1,0.9885157346725464
"[0.0, 1.0]",1,0.9421775341033936
"[0.0, 1.0]",1,0.9825289249420166
"[0.0, 1.0]",0,0.015434548258781433
"[0.0, 1.0]",0,0.16405948996543884
"[0.0, 1.0]",1,0.9150184988975525
"[0.0, 1.0]",1,0.7342080473899841
"[0.0, 1.0]",1,0.966727077960968
"[0.0, 1.0]",1,0.9780586957931519
"[0.0, 1.0]",0,0.12754353880882263
"[0.0, 1.0]",0,0.3316892981529236
"[0.0, 1.0]",1,0.5694097876548767
"[0.0, 1.0]",1,0.9513946175575256
"[0.0, 1.0]",0,0.17621517181396484
"[0.0, 1.0]",1,0.8875861763954163
"[0.0, 1.0]",1,0.9488352537155151
"[0.0, 1.0]",1,0.8801190853118896
"[0.0, 1.0]",0,0.19273214042186737
"[0.0, 1.0]",0,0.09332270175218582
"[0.0, 1.0]",1,0.8718677759170532
"[0.0, 1.0]",1,0.8429641127586365
"[0.0, 1.0]",1,0.9767839908599854
"[0.0, 1.0]",1,0.932741105556488
"[0.0, 1.0]",0,0.45295655727386475
"[0.0, 1.0]",1,0.9750968217849731
"[0.0, 1.0]",1,0.6032364964485168
"[0.0, 1.0]",1,0.7926732301712036
"[0.0, 1.0]",1,0.9422225952148438
"[0.0, 1.0]",1,0.6728561520576477
"[0.0, 1.0]",1,0.9383878111839294
"[0.0, 1.0]",1,0.9740458130836487
"[0.0, 1.0]",0,0.024988815188407898
"[0.0, 1.0]",1,0.7548859715461731
"[0.0, 1.0]",1,0.9952274560928345
"[0.0, 1.0]",1,0.9860137701034546
"[0.0, 1.0]",0,0.09491625428199768
"[0.0, 1.0]",1,0.9937381744384766
"[0.0, 1.0]",0,0.0082408981397748
"[0.0, 1.0]",1,0.969296932220459
"[0.0, 1.0]",1,0.732133150100708
"[0.0, 1.0]",0,0.22633594274520874
"[0.0, 1.0]",0,0.047440480440855026
"[0.0, 1.0]",0,0.07547871023416519
"[0.0, 1.0]",1,0.871055543422699
"[0.0, 1.0]",1,0.9895736575126648
"[0.0, 1.0]",1,0.9450437426567078
"[0.0, 1.0]",0,0.1766131967306137
"[0.0, 1.0]",1,0.8931466341018677
"[0.0, 1.0]",0,0.025781041011214256
"[0.0, 1.0]",1,0.929635226726532
"[0.0, 1.0]",1,0.9890228509902954
"[0.0, 1.0]",0,0.02789382077753544
"[0.0, 1.0]",1,0.979056179523468
"[0.0, 1.0]",1,0.9867281317710876
"[0.0, 1.0]",1,0.9922152161598206
"[0.0, 1.0]",0,0.05636216700077057
"[0.0, 1.0]",0,0.08840041607618332
"[0.0, 1.0]",1,0.9894931316375732
"[0.0, 1.0]",0,0.01218855008482933
"[0.0, 1.0]",1,0.9949458241462708
"[0.0, 1.0]",1,0.921451210975647
"[0.0, 1.0]",1,0.6867361068725586
"[0.0, 1.0]",0,0.026036007329821587
"[0.0, 1.0]",0,0.4556306004524231
"[0.0, 1.0]",0,0.05249089375138283
"[0.0, 1.0]",1,0.9523910284042358
"[0.0, 1.0]",1,0.823010265827179
"[0.0, 1.0]",1,0.991018533706665
"[0.0, 1.0]",0,0.3440752625465393
"[0.0, 1.0]",0,0.0352349579334259
"[0.0, 1.0]",0,0.10724841058254242
"[0.0, 1.0]",1,0.8955476880073547
"[0.0, 1.0]",0,0.08841925859451294
"[0.0, 1.0]",0,0.2866194546222687
"[0.0, 1.0]",0,0.08599443733692169
"[0.0, 1.0]",1,0.9603464603424072
"[0.0, 1.0]",1,0.7945398092269897
"[0.0, 1.0]",0,0.12959431111812592
"[0.0, 1.0]",1,0.9462187886238098
"[0.0, 1.0]",1,0.8629155158996582
"[0.0, 1.0]",0,0.31614524126052856
"[0.0, 1.0]",1,0.6221649646759033
"[0.0, 1.0]",1,0.6377614140510559
"[0.0, 1.0]",0,0.20494920015335083
"[0.0, 1.0]",1,0.9947472214698792
"[0.0, 1.0]",1,0.5605050325393677
"[0.0, 1.0]",1,0.7410371899604797
"[0.0, 1.0]",1,0.9623074531555176
"[0.0, 1.0]",0,0.1644335687160492
"[0.0, 1.0]",0,0.07344118505716324
"[0.0, 1.0]",0,0.120237335562706
"[0.0, 1.0]",1,0.9815131425857544
"[0.0, 1.0]",1,0.9776831865310669
"[0.0, 1.0]",1,0.9867153763771057
"[0.0, 1.0]",1,0.7312253713607788
"[0.0, 1.0]",1,0.8991194367408752
"[0.0, 1.0]",1,0.9873973727226257
"[0.0, 1.0]",0,0.021356645971536636
"[0.0, 1.0]",0,0.022219303995370865
"[0.0, 1.0]",1,0.9371430277824402
"[0.0, 1.0]",0,0.012685209512710571
"[0.0, 1.0]",0,0.1678471714258194
"[0.0, 1.0]",0,0.020486334338784218
"[0.0, 1.0]",0,0.32860231399536133
"[0.0, 1.0]",0,0.06356678158044815
"[0.0, 1.0]",1,0.9561358094215393
"[0.0, 1.0]",0,0.013795409351587296
"[0.0, 1.0]",1,0.7773585915565491
"[0.0, 1.0]",0,0.03783433139324188
"[0.0, 1.0]",1,0.9909963607788086
"[0.0, 1.0]",0,0.015010996721684933
"[0.0, 1.0]",1,0.9423269629478455
"[0.0, 1.0]",0,0.031970128417015076
"[0.0, 1.0]",0,0.0184395182877779
"[0.0, 1.0]",0,0.4247857332229614
"[0.0, 1.0]",1,0.5614993572235107
"[0.0, 1.0]",1,0.9081783294677734
"[0.0, 1.0]",1,0.8703654408454895
"[0.0, 1.0]",1,0.9951404333114624
"[0.0, 1.0]",1,0.5900126099586487
"[0.0, 1.0]",1,0.9195257425308228
"[0.0, 1.0]",1,0.9593338370323181
"[0.0, 1.0]",1,0.9316983819007874
"[0.0, 1.0]",1,0.9960137605667114
"[0.0, 1.0]",1,0.8226337432861328
"[0.0, 1.0]",1,0.712593674659729
"[0.0, 1.0]",1,0.9896931052207947
"[0.0, 1.0]",1,0.9108142852783203
"[0.0, 1.0]",1,0.6419718861579895
"[0.0, 1.0]",1,0.9411662220954895
"[0.0, 1.0]",0,0.014512626454234123
"[0.0, 1.0]",1,0.6618667840957642
"[0.0, 1.0]",1,0.7485269904136658
"[0.0, 1.0]",1,0.9550842642784119
"[0.0, 1.0]",1,0.8666839599609375
"[0.0, 1.0]",1,0.6320605278015137
"[0.0, 1.0]",1,0.9902840256690979
"[0.0, 1.0]",1,0.9459158778190613
"[0.0, 1.0]",1,0.6709101796150208
"[0.0, 1.0]",1,0.7808547616004944
"[0.0, 1.0]",1,0.8625903129577637
"[0.0, 1.0]",0,0.29349687695503235
"[0.0, 1.0]",0,0.01845172978937626
"[0.0, 1.0]",0,0.22980746626853943
"[0.0, 1.0]",0,0.21575821936130524
"[0.0, 1.0]",0,0.02217475324869156
"[0.0, 1.0]",1,0.9457551836967468
"[0.0, 1.0]",1,0.6381880640983582
"[0.0, 1.0]",0,0.2874690890312195
"[0.0, 1.0]",1,0.6169309616088867
"[0.0, 1.0]",0,0.09989482164382935
"[0.0, 1.0]",1,0.9411511421203613
"[0.0, 1.0]",0,0.4174935817718506
"[0.0, 1.0]",1,0.7629783749580383
"[0.0, 1.0]",1,0.9881226420402527
"[0.0, 1.0]",0,0.048596013337373734
"[0.0, 1.0]",1,0.9910426139831543
"[0.0, 1.0]",1,0.989816427230835
"[0.0, 1.0]",0,0.03462819755077362
"[0.0, 1.0]",0,0.4015362560749054
"[0.0, 1.0]",1,0.9565775394439697
"[0.0, 1.0]",0,0.010018928907811642
"[0.0, 1.0]",0,0.31941479444503784
"[0.0, 1.0]",1,0.9869840145111084
"[0.0, 1.0]",1,0.9958134293556213
"[0.0, 1.0]",1,0.9746248722076416
"[0.0, 1.0]",1,0.9884352684020996
"[0.0, 1.0]",1,0.9938492178916931
"[0.0, 1.0]",1,0.8161625862121582
"[0.0, 1.0]",1,0.9045801758766174
"[0.0, 1.0]",1,0.7892564535140991
"[0.0, 1.0]",1,0.9917652010917664
"[0.0, 1.0]",1,0.9382207989692688
"[0.0, 1.0]",1,0.8822552561759949
"[0.0, 1.0]",1,0.696884036064148
"[0.0, 1.0]",1,0.9896341562271118
"[0.0, 1.0]",1,0.9479798078536987
"[0.0, 1.0]",0,0.3772853910923004
"[0.0, 1.0]",1,0.5095146298408508
"[0.0, 1.0]",1,0.6713566780090332
"[0.0, 1.0]",0,0.11447129398584366
"[0.0, 1.0]",1,0.9701687693595886
"[0.0, 1.0]",1,0.9837315082550049
"[0.0, 1.0]",1,0.9239466786384583
"[0.0, 1.0]",1,0.9648720026016235
"[0.0, 1.0]",0,0.06301164627075195
"[0.0, 1.0]",0,0.23818019032478333
"[0.0, 1.0]",1,0.8611624836921692
"[0.0, 1.0]",1,0.9618763327598572
"[0.0, 1.0]",1,0.9752590656280518
"[0.0, 1.0]",1,0.7899709343910217
"[0.0, 1.0]",1,0.974351704120636
"[0.0, 1.0]",1,0.993747353553772
"[0.0, 1.0]",1,0.7556832432746887
"[0.0, 1.0]",1,0.956748902797699
"[0.0, 1.0]",1,0.5386208891868591
"[0.0, 1.0]",1,0.9607568383216858
"[0.0, 1.0]",0,0.07659518718719482
"[0.0, 1.0]",0,0.07157045602798462
"[0.0, 1.0]",0,0.03128465265035629
"[0.0, 1.0]",0,0.44625720381736755
"[0.0, 1.0]",0,0.06826476007699966
"[0.0, 1.0]",1,0.9732289910316467
"[0.0, 1.0]",1,0.9818562865257263
"[0.0, 1.0]",1,0.9532720446586609
"[0.0, 1.0]",1,0.9654754996299744
"[0.0, 1.0]",1,0.8365659117698669
"[0.0, 1.0]",1,0.8897092938423157
"[0.0, 1.0]",0,0.09668643027544022
"[0.0, 1.0]",1,0.7666696310043335
"[0.0, 1.0]",1,0.9938033819198608
"[0.0, 1.0]",1,0.8026190400123596
"[0.0, 1.0]",0,0.09382465481758118
"[0.0, 1.0]",1,0.6411495804786682
"[0.0, 1.0]",0,0.35082030296325684
"[0.0, 1.0]",0,0.3639276921749115
"[0.0, 1.0]",1,0.9812005162239075
"[0.0, 1.0]",1,0.9508081674575806
"[0.0, 1.0]",1,0.8741146922111511
"[0.0, 1.0]",1,0.919323205947876
"[0.0, 1.0]",1,0.9458438754081726
"[0.0, 1.0]",1,0.9485400915145874
"[0.0, 1.0]",0,0.0290989950299263
"[0.0, 1.0]",1,0.5743526816368103
"[0.0, 1.0]",0,0.46448472142219543
"[0.0, 1.0]",0,0.03917679935693741
"[0.0, 1.0]",0,0.03195522353053093
"[0.0, 1.0]",1,0.9649237394332886
"[0.0, 1.0]",1,0.9576076865196228
"[0.0, 1.0]",1,0.5125328898429871
"[0.0, 1.0]",0,0.0174283254891634
"[0.0, 1.0]",1,0.9101383686065674
"[0.0, 1.0]",1,0.992609441280365
"[0.0, 1.0]",0,0.249647855758667
"[0.0, 1.0]",1,0.9761890172958374
"[0.0, 1.0]",1,0.9789340496063232
"[0.0, 1.0]",0,0.13807842135429382
"[0.0, 1.0]",0,0.012011758051812649
"[0.0, 1.0]",1,0.9935089945793152
"[0.0, 1.0]",1,0.54917311668396
"[0.0, 1.0]",1,0.9495394825935364
"[0.0, 1.0]",1,0.9804853200912476
"[0.0, 1.0]",1,0.8124381899833679
"[0.0, 1.0]",0,0.038548972457647324
"[0.0, 1.0]",0,0.03535453975200653
"[0.0, 1.0]",0,0.4131546914577484
"[0.0, 1.0]",1,0.9795621633529663
"[0.0, 1.0]",1,0.9425649046897888
"[0.0, 1.0]",1,0.9797024130821228
"[0.0, 1.0]",1,0.686970055103302
"[0.0, 1.0]",0,0.056604012846946716
"[0.0, 1.0]",1,0.5727097988128662
"[0.0, 1.0]",1,0.5302355289459229
"[0.0, 1.0]",0,0.010616493411362171
"[0.0, 1.0]",0,0.12013974785804749
"[0.0, 1.0]",0,0.03229692205786705
"[0.0, 1.0]",1,0.9012977480888367
"[0.0, 1.0]",1,0.8347100615501404
"[0.0, 1.0]",1,0.9249886274337769
"[0.0, 1.0]",1,0.5723814964294434
"[0.0, 1.0]",1,0.606818437576294
"[0.0, 1.0]",0,0.32740455865859985
"[0.0, 1.0]",0,0.07502053678035736
"[0.0, 1.0]",0,0.07968573272228241
"[0.0, 1.0]",0,0.38188230991363525
"[0.0, 1.0]",0,0.05396139249205589
"[0.0, 1.0]",0,0.09606659412384033
"[0.0, 1.0]",1,0.9763182997703552
"[0.0, 1.0]",0,0.23468346893787384
"[0.0, 1.0]",0,0.017368020489811897
"[0.0, 1.0]",1,0.9944333434104919
"[0.0, 1.0]",0,0.007978527806699276
"[0.0, 1.0]",1,0.9383127689361572
"[0.0, 1.0]",1,0.9068589806556702
"[0.0, 1.0]",1,0.7612667083740234
"[0.0, 1.0]",1,0.9928172826766968
"[0.0, 1.0]",0,0.019016819074749947
"[0.0, 1.0]",0,0.016130313277244568
"[0.0, 1.0]",1,0.9760226011276245
"[0.0, 1.0]",1,0.7097586989402771
"[0.0, 1.0]",0,0.038508035242557526
"[0.0, 1.0]",0,0.04293190315365791
"[0.0, 1.0]",0,0.01626611314713955
"[0.0, 1.0]",0,0.056089211255311966
"[0.0, 1.0]",1,0.9177265763282776
"[0.0, 1.0]",0,0.2855299115180969
"[0.0, 1.0]",1,0.9785625338554382
"[0.0, 1.0]",0,0.22399058938026428
"[0.0, 1.0]",1,0.9723108410835266
"[0.0, 1.0]",1,0.9968703389167786
"[0.0, 1.0]",1,0.6824670433998108
"[0.0, 1.0]",1,0.6191328763961792
"[0.0, 1.0]",0,0.297586590051651
"[0.0, 1.0]",1,0.9762756824493408
"[0.0, 1.0]",1,0.9867544770240784
"[0.0, 1.0]",1,0.6917640566825867
"[0.0, 1.0]",0,0.1935136318206787
"[0.0, 1.0]",1,0.7534613609313965
"[0.0, 1.0]",0,0.01266623754054308
"[0.0, 1.0]",1,0.6637825965881348
"[0.0, 1.0]",1,0.6111538410186768
"[0.0, 1.0]",1,0.9117532968521118
"[0.0, 1.0]",0,0.023998338729143143
"[0.0, 1.0]",0,0.11424438655376434
"[0.0, 1.0]",1,0.9546034336090088
"[0.0, 1.0]",1,0.9974220991134644
"[0.0, 1.0]",1,0.9100454449653625
"[0.0, 1.0]",0,0.47376540303230286
"[0.0, 1.0]",0,0.034247107803821564
"[0.0, 1.0]",0,0.015323296189308167
"[0.0, 1.0]",0,0.45845964550971985
"[0.0, 1.0]",0,0.08286014944314957
"[0.0, 1.0]",1,0.9537844061851501
"[0.0, 1.0]",1,0.6987631320953369
"[0.0, 1.0]",1,0.695808470249176
"[0.0, 1.0]",1,0.9682534337043762
"[0.0, 1.0]",0,0.010782308876514435
"[0.0, 1.0]",1,0.9853760600090027
"[0.0, 1.0]",1,0.9645683765411377
"[0.0, 1.0]",1,0.9902807474136353
"[0.0, 1.0]",1,0.9865308403968811
"[0.0, 1.0]",1,0.9941087961196899
"[0.0, 1.0]",0,0.313380628824234
"[0.0, 1.0]",0,0.027377421036362648
"[0.0, 1.0]",1,0.7546307444572449
"[0.0, 1.0]",1,0.8041425943374634
"[0.0, 1.0]",1,0.9529365301132202
"[0.0, 1.0]",1,0.6545043587684631
"[0.0, 1.0]",1,0.9137126803398132
"[0.0, 1.0]",0,0.03802366554737091
"[0.0, 1.0]",0,0.05063693970441818
"[0.0, 1.0]",0,0.3179398477077484
"[0.0, 1.0]",1,0.9837019443511963
"[0.0, 1.0]",1,0.966658353805542
"[0.0, 1.0]",0,0.01104305312037468
"[0.0, 1.0]",1,0.9932490587234497
"[0.0, 1.0]",1,0.7575572729110718
"[0.0, 1.0]",0,0.13993915915489197
"[0.0, 1.0]",1,0.9615246057510376
"[0.0, 1.0]",1,0.9889084696769714
"[0.0, 1.0]",0,0.009916085749864578
"[0.0, 1.0]",1,0.7655177712440491
"[0.0, 1.0]",0,0.1025385782122612
"[0.0, 1.0]",1,0.7284189462661743
"[0.0, 1.0]",1,0.7797309160232544
"[0.0, 1.0]",0,0.2881086766719818
"[0.0, 1.0]",0,0.01006990298628807
"[0.0, 1.0]",1,0.6186261177062988
"[0.0, 1.0]",0,0.3101443648338318
"[0.0, 1.0]",0,0.34765195846557617
"[0.0, 1.0]",1,0.7305813431739807
"[0.0, 1.0]",1,0.9914781451225281
"[0.0, 1.0]",1,0.9929720759391785
"[0.0, 1.0]",1,0.587901771068573
"[0.0, 1.0]",1,0.5591695308685303
"[0.0, 1.0]",1,0.9699149131774902
"[0.0, 1.0]",1,0.9074537754058838
"[0.0, 1.0]",0,0.19071488082408905
"[0.0, 1.0]",1,0.8998376727104187
"[0.0, 1.0]",0,0.07685856521129608
"[0.0, 1.0]",0,0.3386233448982239
"[0.0, 1.0]",1,0.8983600735664368
"[0.0, 1.0]",1,0.985371470451355
"[0.0, 1.0]",1,0.9516361355781555
"[0.0, 1.0]",1,0.5795289278030396
"[0.0, 1.0]",0,0.010221618227660656
"[0.0, 1.0]",0,0.23901167511940002
"[0.0, 1.0]",1,0.6382206678390503
"[0.0, 1.0]",0,0.34562596678733826
"[0.0, 1.0]",1,0.894454836845398
"[0.0, 1.0]",1,0.5685932636260986
"[0.0, 1.0]",1,0.9388852119445801
"[0.0, 1.0]",0,0.1330048143863678
"[0.0, 1.0]",1,0.9753506779670715
"[0.0, 1.0]",0,0.0445815809071064
"[0.0, 1.0]",1,0.9884870052337646
"[0.0, 1.0]",1,0.867519199848175
"[0.0, 1.0]",1,0.98420250415802
"[0.0, 1.0]",1,0.8928642868995667
"[0.0, 1.0]",1,0.9816086888313293
"[0.0, 1.0]",0,0.01490230206400156
"[0.0, 1.0]",0,0.011839963495731354
"[0.0, 1.0]",0,0.4738772511482239
"[0.0, 1.0]",0,0.020328935235738754
"[0.0, 1.0]",1,0.9932727813720703
"[0.0, 1.0]",0,0.1166858971118927
"[0.0, 1.0]",1,0.9710561037063599
"[0.0, 1.0]",0,0.020022952929139137
"[0.0, 1.0]",0,0.1855780929327011
"[0.0, 1.0]",1,0.8091928958892822
"[0.0, 1.0]",0,0.013717466965317726
"[0.0, 1.0]",1,0.9953807592391968
"[0.0, 1.0]",1,0.9785970449447632
"[0.0, 1.0]",1,0.986120343208313
"[0.0, 1.0]",1,0.9836033582687378
"[0.0, 1.0]",1,0.817654013633728
"[0.0, 1.0]",0,0.04258858039975166
"[0.0, 1.0]",1,0.7759115099906921
"[0.0, 1.0]",1,0.965141773223877
"[0.0, 1.0]",1,0.9126583337783813
"[0.0, 1.0]",1,0.8995313048362732
"[0.0, 1.0]",1,0.9710507988929749
"[0.0, 1.0]",1,0.8445680737495422
"[0.0, 1.0]",0,0.20670635998249054
"[0.0, 1.0]",1,0.9715547561645508
"[0.0, 1.0]",1,0.891136109828949
"[0.0, 1.0]",0,0.22040125727653503
"[0.0, 1.0]",1,0.8615245223045349
"[0.0, 1.0]",0,0.011143109761178493
"[0.0, 1.0]",0,0.14507625997066498
"[0.0, 1.0]",1,0.7344384789466858
"[0.0, 1.0]",0,0.07814695686101913
"[0.0, 1.0]",0,0.20437268912792206
"[0.0, 1.0]",0,0.0872085839509964
"[0.0, 1.0]",1,0.9905621409416199
"[0.0, 1.0]",1,0.9763745665550232
"[0.0, 1.0]",0,0.3098975121974945
"[0.0, 1.0]",1,0.5187957882881165
"[0.0, 1.0]",1,0.8395394682884216
"[0.0, 1.0]",0,0.38348621129989624
"[0.0, 1.0]",0,0.34237372875213623
"[0.0, 1.0]",0,0.0275889839977026
"[0.0, 1.0]",0,0.44207292795181274
"[0.0, 1.0]",1,0.9045569896697998
"[0.0, 1.0]",1,0.9608883261680603
"[0.0, 1.0]",0,0.2565520107746124
"[0.0, 1.0]",0,0.16751210391521454
"[0.0, 1.0]",1,0.8411105871200562
"[0.0, 1.0]",0,0.009450671263039112
"[0.0, 1.0]",1,0.8528151512145996
"[0.0, 1.0]",0,0.018310248851776123
"[0.0, 1.0]",1,0.8893761038780212
"[0.0, 1.0]",1,0.9756141901016235
"[0.0, 1.0]",1,0.7034932374954224
"[0.0, 1.0]",1,0.7333673238754272
"[0.0, 1.0]",1,0.678112804889679
"[0.0, 1.0]",1,0.9378175139427185
"[0.0, 1.0]",0,0.16117194294929504
"[0.0, 1.0]",1,0.878587007522583
"[0.0, 1.0]",0,0.31406572461128235
"[0.0, 1.0]",1,0.7484567165374756
"[0.0, 1.0]",0,0.013123227283358574
"[0.0, 1.0]",1,0.7852431535720825
"[0.0, 1.0]",0,0.019792301580309868
"[0.0, 1.0]",0,0.030118634924292564
"[0.0, 1.0]",1,0.7472673654556274
"[0.0, 1.0]",1,0.9255403280258179
"[0.0, 1.0]",0,0.009130187332630157
"[0.0, 1.0]",0,0.02824951335787773
"[0.0, 1.0]",1,0.9941856265068054
"[0.0, 1.0]",0,0.24069392681121826
"[0.0, 1.0]",0,0.20314094424247742
"[0.0, 1.0]",1,0.6184723973274231
"[0.0, 1.0]",1,0.9627368450164795
"[0.0, 1.0]",1,0.8740989565849304
"[0.0, 1.0]",0,0.07141290605068207
"[0.0, 1.0]",0,0.21492093801498413
"[0.0, 1.0]",0,0.3102698028087616
"[0.0, 1.0]",0,0.49248558282852173
"[0.0, 1.0]",1,0.9116460680961609
"[0.0, 1.0]",1,0.8555371165275574
"[0.0, 1.0]",1,0.9690768122673035
"[0.0, 1.0]",1,0.6247130632400513
"[0.0, 1.0]",0,0.020601963624358177
"[0.0, 1.0]",1,0.9228665828704834
"[0.0, 1.0]",1,0.9263492226600647
"[0.0, 1.0]",1,0.706375777721405
"[0.0, 1.0]",1,0.9875297546386719
"[0.0, 1.0]",1,0.9584671258926392
"[0.0, 1.0]",1,0.8924345374107361
"[0.0, 1.0]",0,0.3421942889690399
"[0.0, 1.0]",1,0.9155418276786804
"[0.0, 1.0]",1,0.7926140427589417
"[0.0, 1.0]",0,0.06893297284841537
"[0.0, 1.0]",1,0.9388934373855591
"[0.0, 1.0]",0,0.41968783736228943
"[0.0, 1.0]",0,0.058421604335308075
"[0.0, 1.0]",0,0.0259598046541214
"[0.0, 1.0]",1,0.6986966729164124
"[0.0, 1.0]",0,0.30946049094200134
"[0.0, 1.0]",1,0.9591062664985657
"[0.0, 1.0]",1,0.9846040606498718
"[0.0, 1.0]",1,0.933588981628418
"[0.0, 1.0]",0,0.3038788437843323
"[0.0, 1.0]",1,0.9864805936813354
"[0.0, 1.0]",1,0.9838187098503113
"[0.0, 1.0]",1,0.9755052924156189
"[0.0, 1.0]",1,0.6927664875984192
"[0.0, 1.0]",0,0.01005029957741499
"[0.0, 1.0]",1,0.9608041644096375
"[0.0, 1.0]",0,0.017131028696894646
"[0.0, 1.0]",0,0.04572315886616707
"[0.0, 1.0]",0,0.4470130503177643
"[0.0, 1.0]",1,0.9586120843887329
"[0.0, 1.0]",0,0.027962416410446167
"[0.0, 1.0]",0,0.021206645295023918
"[0.0, 1.0]",1,0.8784804344177246
"[0.0, 1.0]",1,0.9141668677330017
"[0.0, 1.0]",0,0.481402724981308
"[0.0, 1.0]",0,0.06207352504134178
"[0.0, 1.0]",1,0.9748890995979309
"[0.0, 1.0]",1,0.9689192175865173
"[0.0, 1.0]",1,0.6199014186859131
"[0.0, 1.0]",0,0.09813745319843292
"[0.0, 1.0]",0,0.06458336859941483
"[0.0, 1.0]",1,0.9114981889724731
"[0.0, 1.0]",0,0.2092989832162857
"[0.0, 1.0]",1,0.9803736209869385
"[0.0, 1.0]",1,0.9820083379745483
"[0.0, 1.0]",1,0.5203818678855896
"[0.0, 1.0]",0,0.023037096485495567
"[0.0, 1.0]",1,0.7996147274971008
"[0.0, 1.0]",0,0.16200846433639526
"[0.0, 1.0]",1,0.8660581707954407
"[0.0, 1.0]",0,0.07490840554237366
"[0.0, 1.0]",0,0.02970104105770588
"[0.0, 1.0]",1,0.9720526337623596
"[0.0, 1.0]",0,0.24788004159927368
"[0.0, 1.0]",0,0.48663774132728577
"[0.0, 1.0]",1,0.862040638923645
"[0.0, 1.0]",0,0.26442185044288635
"[0.0, 1.0]",0,0.037308089435100555
"[0.0, 1.0]",1,0.9836998581886292
"[0.0, 1.0]",1,0.8596987724304199
"[0.0, 1.0]",0,0.035506315529346466
"[0.0, 1.0]",0,0.05385323613882065
"[0.0, 1.0]",1,0.995032787322998
"[0.0, 1.0]",0,0.2963458299636841
"[0.0, 1.0]",0,0.05094354972243309
"[0.0, 1.0]",0,0.04783685505390167
"[0.0, 1.0]",0,0.009175590239465237
"[0.0, 1.0]",1,0.5878491401672363
"[0.0, 1.0]",1,0.9701609015464783
"[0.0, 1.0]",1,0.8977896571159363
"[0.0, 1.0]",0,0.447184681892395
"[0.0, 1.0]",0,0.39442747831344604
"[0.0, 1.0]",0,0.02491677738726139
"[0.0, 1.0]",1,0.8247799873352051
"[0.0, 1.0]",1,0.9872381687164307
"[0.0, 1.0]",1,0.8897175192832947
"[0.0, 1.0]",0,0.052462030202150345
"[0.0, 1.0]",1,0.9835024476051331
"[0.0, 1.0]",1,0.9911279678344727
"[0.0, 1.0]",0,0.23255862295627594
"[0.0, 1.0]",0,0.08051197975873947
"[0.0, 1.0]",1,0.6205211281776428
"[0.0, 1.0]",1,0.9660270810127258
"[0.0, 1.0]",1,0.6430310606956482
"[0.0, 1.0]",0,0.42836707830429077
"[0.0, 1.0]",0,0.23205222189426422
"[0.0, 1.0]",0,0.030143240466713905
"[0.0, 1.0]",0,0.4138929843902588
"[0.0, 1.0]",0,0.011408052407205105
"[0.0, 1.0]",1,0.8720051646232605
"[0.0, 1.0]",0,0.01601589284837246
"[0.0, 1.0]",0,0.03535173088312149
"[0.0, 1.0]",1,0.9924600720405579
"[0.0, 1.0]",1,0.9446486830711365
"[0.0, 1.0]",0,0.18194732069969177
"[0.0, 1.0]",1,0.9640272855758667
"[0.0, 1.0]",1,0.9293266534805298
"[0.0, 1.0]",1,0.9915019273757935
"[0.0, 1.0]",1,0.8009621500968933
"[0.0, 1.0]",1,0.9928860068321228
"[0.0, 1.0]",1,0.5637905597686768
"[0.0, 1.0]",0,0.16215559840202332
"[0.0, 1.0]",0,0.23165230453014374
"[0.0, 1.0]",0,0.16543421149253845
"[0.0, 1.0]",0,0.021866964176297188
"[0.0, 1.0]",1,0.9575920701026917
"[0.0, 1.0]",1,0.538923442363739
"[0.0, 1.0]",0,0.38346579670906067
"[0.0, 1.0]",0,0.017987918108701706
"[0.0, 1.0]",1,0.6562454104423523
"[0.0, 1.0]",0,0.05559336394071579
"[0.0, 1.0]",0,0.3556528389453888
"[0.0, 1.0]",0,0.010291526094079018
"[0.0, 1.0]",0,0.4951830804347992
"[0.0, 1.0]",0,0.476654052734375
"[0.0, 1.0]",1,0.9626478552818298
"[0.0, 1.0]",1,0.9670458436012268
"[0.0, 1.0]",0,0.1494194120168686
"[0.0, 1.0]",0,0.011628011241555214
"[0.0, 1.0]",1,0.6984629034996033
"[0.0, 1.0]",0,0.014337440021336079
"[0.0, 1.0]",0,0.07314949482679367
"[0.0, 1.0]",0,0.42276421189308167
"[0.0, 1.0]",0,0.34409451484680176
"[0.0, 1.0]",0,0.07191990315914154
"[0.0, 1.0]",0,0.0202938225120306
"[0.0, 1.0]",1,0.5292792320251465
"[0.0, 1.0]",0,0.40637660026550293
"[0.0, 1.0]",1,0.6486074924468994
"[0.0, 1.0]",1,0.9886310696601868
"[0.0, 1.0]",1,0.9633432626724243
"[0.0, 1.0]",1,0.9962827563285828
"[0.0, 1.0]",1,0.9961166381835938
"[0.0, 1.0]",1,0.9958847165107727
"[0.0, 1.0]",1,0.654937744140625
"[0.0, 1.0]",1,0.9607014656066895
"[0.0, 1.0]",1,0.6966208815574646
"[0.0, 1.0]",1,0.8333887457847595
"[0.0, 1.0]",1,0.988440990447998
"[0.0, 1.0]",1,0.7409048676490784
"[0.0, 1.0]",1,0.8440453410148621
"[0.0, 1.0]",0,0.04023541137576103
"[0.0, 1.0]",1,0.9831331372261047
"[0.0, 1.0]",1,0.9672073721885681
"[0.0, 1.0]",0,0.11800259351730347
"[0.0, 1.0]",0,0.49097952246665955
"[0.0, 1.0]",0,0.04235110059380531
"[0.0, 1.0]",1,0.685627281665802
"[0.0, 1.0]",0,0.02605840004980564
"[0.0, 1.0]",1,0.8788271546363831
"[0.0, 1.0]",1,0.6826127171516418
"[0.0, 1.0]",1,0.9803815484046936
"[0.0, 1.0]",0,0.05673596262931824
"[0.0, 1.0]",0,0.05908511206507683
"[0.0, 1.0]",0,0.058137550950050354
"[0.0, 1.0]",1,0.5743394494056702
"[0.0, 1.0]",0,0.3538646399974823
"[0.0, 1.0]",1,0.9386293292045593
"[0.0, 1.0]",0,0.01817864179611206
"[0.0, 1.0]",1,0.9136508107185364
"[0.0, 1.0]",0,0.3822464644908905
"[0.0, 1.0]",0,0.03876057639718056
"[0.0, 1.0]",0,0.31030216813087463
"[0.0, 1.0]",0,0.018730780109763145
"[0.0, 1.0]",1,0.7960699200630188
"[0.0, 1.0]",0,0.14887867867946625
"[0.0, 1.0]",1,0.9885502457618713
"[0.0, 1.0]",1,0.9905585050582886
"[0.0, 1.0]",0,0.013815982267260551
"[0.0, 1.0]",0,0.07664170861244202
"[0.0, 1.0]",0,0.03231571614742279
"[0.0, 1.0]",1,0.9856176972389221
"[0.0, 1.0]",0,0.009296121075749397
"[0.0, 1.0]",1,0.9620941877365112
"[0.0, 1.0]",1,0.9937872886657715
"[0.0, 1.0]",0,0.05505382642149925
"[0.0, 1.0]",0,0.41425999999046326
"[0.0, 1.0]",1,0.9358504414558411
"[0.0, 1.0]",0,0.028171002864837646
"[0.0, 1.0]",0,0.02455917000770569
"[0.0, 1.0]",0,0.024482063949108124
"[0.0, 1.0]",1,0.8746856451034546
"[0.0, 1.0]",0,0.3194855749607086
"[0.0, 1.0]",1,0.9688952565193176
"[0.0, 1.0]",1,0.6060563921928406
"[0.0, 1.0]",1,0.9747228622436523
"[0.0, 1.0]",0,0.07886084169149399
"[0.0, 1.0]",0,0.028256861492991447
"[0.0, 1.0]",1,0.9822447896003723
"[0.0, 1.0]",0,0.2826150357723236
"[0.0, 1.0]",1,0.6289061307907104
"[0.0, 1.0]",0,0.024937933310866356
"[0.0, 1.0]",1,0.9732574224472046
"[0.0, 1.0]",0,0.24385805428028107
"[0.0, 1.0]",0,0.0896838903427124
"[0.0, 1.0]",1,0.5587363839149475
"[0.0, 1.0]",0,0.24347175657749176
"[0.0, 1.0]",0,0.023823043331503868
"[0.0, 1.0]",0,0.4331035912036896
"[0.0, 1.0]",0,0.20387621223926544
"[0.0, 1.0]",0,0.08609640598297119
"[0.0, 1.0]",0,0.02680492028594017
"[0.0, 1.0]",1,0.9903529286384583
"[0.0, 1.0]",0,0.032247308641672134
"[0.0, 1.0]",0,0.053037941455841064
"[0.0, 1.0]",1,0.8774810433387756
"[0.0, 1.0]",1,0.9576125144958496
"[0.0, 1.0]",1,0.773648202419281
"[0.0, 1.0]",1,0.9823504686355591
"[0.0, 1.0]",0,0.01243873592466116
"[0.0, 1.0]",0,0.0163875762373209
"[0.0, 1.0]",0,0.13808704912662506
"[0.0, 1.0]",1,0.9075232744216919
"[0.0, 1.0]",1,0.5419649481773376
"[0.0, 1.0]",1,0.9668470621109009
"[0.0, 1.0]",1,0.7196658253669739
"[0.0, 1.0]",1,0.9046856164932251
"[0.0, 1.0]",1,0.6015625
"[0.0, 1.0]",1,0.9298046231269836
"[0.0, 1.0]",1,0.9941779375076294
"[0.0, 1.0]",0,0.13203458487987518
"[0.0, 1.0]",1,0.87066251039505
"[0.0, 1.0]",0,0.009827712550759315
"[0.0, 1.0]",1,0.9570838212966919
"[0.0, 1.0]",0,0.013024951331317425
"[0.0, 1.0]",0,0.013064566999673843
"[0.0, 1.0]",1,0.9541327357292175
"[0.0, 1.0]",1,0.9937518239021301
"[0.0, 1.0]",1,0.8486043214797974
"[0.0, 1.0]",1,0.9543734788894653
"[0.0, 1.0]",0,0.0702538788318634
"[0.0, 1.0]",1,0.5151563286781311
"[0.0, 1.0]",1,0.8793042302131653
"[0.0, 1.0]",0,0.03371803089976311
"[0.0, 1.0]",0,0.07688644528388977
"[0.0, 1.0]",0,0.09070472419261932
"[0.0, 1.0]",1,0.7210525274276733
"[0.0, 1.0]",1,0.881624698638916
"[0.0, 1.0]",0,0.07411860674619675
"[0.0, 1.0]",0,0.007574455812573433
"[0.0, 1.0]",0,0.2051660567522049
"[0.0, 1.0]",0,0.013979220762848854
"[0.0, 1.0]",1,0.7715302109718323
"[0.0, 1.0]",1,0.5265337228775024
"[0.0, 1.0]",0,0.21225608885288239
"[0.0, 1.0]",0,0.03168162330985069
"[0.0, 1.0]",0,0.1780460774898529
"[0.0, 1.0]",1,0.8627750873565674
"[0.0, 1.0]",1,0.980620801448822
"[0.0, 1.0]",0,0.4593849182128906
"[0.0, 1.0]",0,0.016569307073950768
"[0.0, 1.0]",0,0.057670049369335175
"[0.0, 1.0]",1,0.6460292935371399
"[0.0, 1.0]",1,0.9056195616722107
"[0.0, 1.0]",1,0.9380937814712524
"[0.0, 1.0]",0,0.30443596839904785
"[0.0, 1.0]",0,0.07488210499286652
"[0.0, 1.0]",0,0.10220967233181
"[0.0, 1.0]",0,0.1879052370786667
"[0.0, 1.0]",0,0.06364880502223969
"[0.0, 1.0]",1,0.9736353754997253
"[0.0, 1.0]",1,0.9192302227020264
"[0.0, 1.0]",1,0.6207177042961121
"[0.0, 1.0]",1,0.5466232299804688
"[0.0, 1.0]",0,0.35765206813812256
"[0.0, 1.0]",1,0.9894989728927612
"[0.0, 1.0]",0,0.14454127848148346
"[0.0, 1.0]",0,0.04490043595433235
"[0.0, 1.0]",1,0.5978622436523438
"[0.0, 1.0]",0,0.3905090093612671
"[0.0, 1.0]",1,0.9835309386253357
"[0.0, 1.0]",1,0.7382261157035828
"[0.0, 1.0]",1,0.9967041611671448
"[0.0, 1.0]",0,0.0070705837570130825
"[0.0, 1.0]",0,0.010645025409758091
"[0.0, 1.0]",0,0.29000091552734375
"[0.0, 1.0]",1,0.9408852458000183
"[0.0, 1.0]",1,0.9581822752952576
"[0.0, 1.0]",0,0.07793296128511429
"[1.0, 0.0]",0,0.015109766274690628
"[1.0, 0.0]",0,0.02031567133963108
"[1.0, 0.0]",0,0.010638036765158176
"[1.0, 0.0]",0,0.007293605711311102
"[1.0, 0.0]",0,0.011537667363882065
"[1.0, 0.0]",0,0.01137954369187355
"[1.0, 0.0]",0,0.03261144086718559
"[1.0, 0.0]",0,0.022377945482730865
"[1.0, 0.0]",0,0.029033733531832695
"[1.0, 0.0]",0,0.15236587822437286
"[1.0, 0.0]",0,0.01278571505099535
"[1.0, 0.0]",0,0.04280625283718109
"[1.0, 0.0]",0,0.024349723011255264
"[1.0, 0.0]",0,0.03317335993051529
"[1.0, 0.0]",0,0.016040658578276634
"[1.0, 0.0]",0,0.011698344722390175
"[1.0, 0.0]",0,0.007954909466207027
"[1.0, 0.0]",0,0.008161569014191628
"[1.0, 0.0]",0,0.008484160527586937
"[1.0, 0.0]",0,0.011998886242508888
"[1.0, 0.0]",0,0.13518832623958588
"[1.0, 0.0]",0,0.015441514551639557
"[1.0, 0.0]",0,0.02163696475327015
"[1.0, 0.0]",0,0.11587287485599518
"[1.0, 0.0]",0,0.031670231372117996
"[1.0, 0.0]",0,0.01454075612127781
"[1.0, 0.0]",0,0.023769835010170937
"[1.0, 0.0]",0,0.0090175224468112
"[1.0, 0.0]",0,0.016533417627215385
"[1.0, 0.0]",0,0.01450385246425867
"[1.0, 0.0]",0,0.02319273166358471
"[1.0, 0.0]",0,0.03541302680969238
"[1.0, 0.0]",0,0.01938757672905922
"[1.0, 0.0]",0,0.018010852858424187
"[1.0, 0.0]",0,0.2498009204864502
"[1.0, 0.0]",0,0.47838523983955383
"[1.0, 0.0]",1,0.9437857866287231
"[1.0, 0.0]",0,0.03252117708325386
"[1.0, 0.0]",0,0.032311245799064636
"[1.0, 0.0]",0,0.009789708070456982
"[1.0, 0.0]",0,0.011431301012635231
"[1.0, 0.0]",0,0.02186252735555172
"[1.0, 0.0]",0,0.007795027922838926
"[1.0, 0.0]",0,0.012387563474476337
"[1.0, 0.0]",0,0.011890323832631111
"[1.0, 0.0]",1,0.6685730218887329
"[1.0, 0.0]",0,0.030897121876478195
"[1.0, 0.0]",0,0.0265385489910841
"[1.0, 0.0]",0,0.013441178947687149
"[1.0, 0.0]",0,0.008759458549320698
"[1.0, 0.0]",0,0.009433678351342678
"[1.0, 0.0]",0,0.014651850797235966
"[1.0, 0.0]",0,0.12813960015773773
"[1.0, 0.0]",0,0.07025060057640076
"[1.0, 0.0]",1,0.604575514793396
"[1.0, 0.0]",1,0.9627795815467834
"[1.0, 0.0]",0,0.45195066928863525
"[1.0, 0.0]",0,0.0195356085896492
"[1.0, 0.0]",0,0.0158274807035923
"[1.0, 0.0]",0,0.009198886342346668
"[1.0, 0.0]",0,0.009205241687595844
"[1.0, 0.0]",0,0.008531632833182812
"[1.0, 0.0]",0,0.015617779456079006
"[1.0, 0.0]",0,0.009499997831881046
"[1.0, 0.0]",0,0.009508674964308739
"[1.0, 0.0]",0,0.009226158261299133
"[1.0, 0.0]",0,0.015175651758909225
"[1.0, 0.0]",0,0.028911776840686798
"[1.0, 0.0]",0,0.2688157260417938
"[1.0, 0.0]",0,0.021474914625287056
"[1.0, 0.0]",0,0.06990524381399155
"[1.0, 0.0]",0,0.024056188762187958
"[1.0, 0.0]",0,0.012867496348917484
"[1.0, 0.0]",0,0.35517042875289917
"[1.0, 0.0]",0,0.02921033464372158
"[1.0, 0.0]",1,0.7773352861404419
"[1.0, 0.0]",0,0.04945996031165123
"[1.0, 0.0]",0,0.015088125132024288
"[1.0, 0.0]",0,0.008480245247483253
"[1.0, 0.0]",0,0.29786214232444763
"[1.0, 0.0]",0,0.46340322494506836
"[1.0, 0.0]",0,0.3927993178367615
"[1.0, 0.0]",0,0.011923344805836678
"[1.0, 0.0]",0,0.02455480583012104
"[1.0, 0.0]",0,0.033870916813611984
"[1.0, 0.0]",0,0.021495360881090164
"[1.0, 0.0]",0,0.0554264560341835
"[1.0, 0.0]",1,0.9091709852218628
"[1.0, 0.0]",0,0.014640758745372295
"[1.0, 0.0]",0,0.05796324461698532
"[1.0, 0.0]",0,0.08434315770864487
"[1.0, 0.0]",1,0.5580489039421082
"[1.0, 0.0]",0,0.014709996990859509
"[1.0, 0.0]",1,0.7038312554359436
"[1.0, 0.0]",1,0.6961944103240967
"[1.0, 0.0]",0,0.012286745011806488
"[1.0, 0.0]",0,0.021836580708622932
"[1.0, 0.0]",0,0.009051996283233166
"[1.0, 0.0]",0,0.009729781188070774
"[1.0, 0.0]",0,0.015500147826969624
"[1.0, 0.0]",0,0.009353804402053356
"[1.0, 0.0]",0,0.043853022158145905
"[1.0, 0.0]",0,0.02338506281375885
"[1.0, 0.0]",0,0.024743076413869858
"[1.0, 0.0]",0,0.028022022917866707
"[1.0, 0.0]",0,0.02843264490365982
"[1.0, 0.0]",0,0.014354999177157879
"[1.0, 0.0]",0,0.013367959298193455
"[1.0, 0.0]",0,0.014652862213551998
"[1.0, 0.0]",0,0.03570021316409111
"[1.0, 0.0]",0,0.014708926901221275
"[1.0, 0.0]",0,0.025781048461794853
"[1.0, 0.0]",0,0.016110777854919434
"[1.0, 0.0]",0,0.014519126154482365
"[1.0, 0.0]",1,0.7752710580825806
"[1.0, 0.0]",0,0.026511317119002342
"[1.0, 0.0]",0,0.01774321310222149
"[1.0, 0.0]",0,0.07230640202760696
"[1.0, 0.0]",0,0.28088879585266113
"[1.0, 0.0]",0,0.15838153660297394
"[1.0, 0.0]",0,0.012100795283913612
"[1.0, 0.0]",0,0.05808616802096367
"[1.0, 0.0]",0,0.13329921662807465
"[1.0, 0.0]",0,0.013001722283661366
"[1.0, 0.0]",0,0.36282598972320557
"[1.0, 0.0]",0,0.0279214046895504
"[1.0, 0.0]",0,0.4833776652812958
"[1.0, 0.0]",0,0.4339163899421692
"[1.0, 0.0]",1,0.8768236637115479
"[1.0, 0.0]",0,0.4727211892604828
"[1.0, 0.0]",1,0.9832810759544373
"[1.0, 0.0]",1,0.9122867584228516
"[1.0, 0.0]",1,0.976867139339447
"[1.0, 0.0]",0,0.022082209587097168
"[1.0, 0.0]",0,0.061824217438697815
"[1.0, 0.0]",0,0.012154942378401756
"[1.0, 0.0]",0,0.05098837614059448
"[1.0, 0.0]",0,0.49448198080062866
"[1.0, 0.0]",0,0.03641139715909958
"[1.0, 0.0]",0,0.1470135897397995
"[1.0, 0.0]",0,0.211762472987175
"[1.0, 0.0]",0,0.12482324987649918
"[1.0, 0.0]",0,0.00870951171964407
"[1.0, 0.0]",0,0.010770621709525585
"[1.0, 0.0]",0,0.00839947909116745
"[1.0, 0.0]",0,0.010036366991698742
"[1.0, 0.0]",0,0.06906771659851074
"[1.0, 0.0]",0,0.011435139924287796
"[1.0, 0.0]",0,0.00875720102339983
"[1.0, 0.0]",1,0.9608150124549866
"[1.0, 0.0]",1,0.9225749969482422
"[1.0, 0.0]",0,0.4369072914123535
"[1.0, 0.0]",1,0.7833024859428406
"[1.0, 0.0]",0,0.04987451806664467
"[1.0, 0.0]",0,0.011442089453339577
"[1.0, 0.0]",0,0.29573187232017517
"[1.0, 0.0]",0,0.010934082791209221
"[1.0, 0.0]",1,0.8923670649528503
"[1.0, 0.0]",0,0.4101654291152954
"[1.0, 0.0]",1,0.964714765548706
"[1.0, 0.0]",1,0.7840297818183899
"[1.0, 0.0]",1,0.5247804522514343
"[1.0, 0.0]",0,0.2620176076889038
"[1.0, 0.0]",0,0.037250835448503494
"[1.0, 0.0]",0,0.05531887337565422
"[1.0, 0.0]",0,0.034689705818891525
"[1.0, 0.0]",0,0.00877607986330986
"[1.0, 0.0]",0,0.030871985480189323
"[1.0, 0.0]",0,0.008959111757576466
"[1.0, 0.0]",0,0.00814337469637394
"[1.0, 0.0]",0,0.040531743317842484
"[1.0, 0.0]",0,0.03205448016524315
"[1.0, 0.0]",0,0.013509023003280163
"[1.0, 0.0]",0,0.031278956681489944
"[1.0, 0.0]",0,0.012513406574726105
"[1.0, 0.0]",1,0.9228289127349854
"[1.0, 0.0]",0,0.11288368701934814
"[1.0, 0.0]",0,0.01334789302200079
"[1.0, 0.0]",0,0.0846133753657341
"[1.0, 0.0]",0,0.008255431428551674
"[1.0, 0.0]",0,0.011355283670127392
"[1.0, 0.0]",0,0.01722695492208004
"[1.0, 0.0]",0,0.009963479824364185
"[1.0, 0.0]",0,0.014633337035775185
"[1.0, 0.0]",0,0.008717991411685944
"[1.0, 0.0]",0,0.11971035599708557
"[1.0, 0.0]",0,0.023303546011447906
"[1.0, 0.0]",0,0.1909637302160263
"[1.0, 0.0]",0,0.04989886283874512
"[1.0, 0.0]",0,0.044114142656326294
"[1.0, 0.0]",0,0.05688120424747467
"[1.0, 0.0]",0,0.03168261796236038
"[1.0, 0.0]",0,0.032114531844854355
"[1.0, 0.0]",0,0.012538277544081211
"[1.0, 0.0]",0,0.02146865241229534
"[1.0, 0.0]",1,0.534103512763977
"[1.0, 0.0]",0,0.012281445786356926
"[1.0, 0.0]",0,0.03240257874131203
"[1.0, 0.0]",0,0.012088262476027012
"[1.0, 0.0]",0,0.044490888714790344
"[1.0, 0.0]",1,0.9763590097427368
"[1.0, 0.0]",1,0.9916926622390747
"[1.0, 0.0]",0,0.2672347128391266
"[1.0, 0.0]",0,0.01538370456546545
"[1.0, 0.0]",0,0.026144562289118767
"[1.0, 0.0]",0,0.015838313847780228
"[1.0, 0.0]",0,0.04844886437058449
"[1.0, 0.0]",1,0.5657222270965576
"[1.0, 0.0]",0,0.01699451543390751
"[1.0, 0.0]",0,0.043122634291648865
"[1.0, 0.0]",0,0.01787310652434826
"[1.0, 0.0]",0,0.24517831206321716
"[1.0, 0.0]",0,0.01706097647547722
"[1.0, 0.0]",0,0.010835506021976471
"[1.0, 0.0]",0,0.010602762922644615
"[1.0, 0.0]",0,0.024111492559313774
"[1.0, 0.0]",0,0.04601228982210159
"[1.0, 0.0]",0,0.038791876286268234
"[1.0, 0.0]",0,0.19657213985919952
"[1.0, 0.0]",0,0.029592787846922874
"[1.0, 0.0]",0,0.03648503124713898
"[1.0, 0.0]",0,0.22099503874778748
"[1.0, 0.0]",0,0.11873545497655869
"[1.0, 0.0]",0,0.012537396512925625
"[1.0, 0.0]",0,0.07006940245628357
"[1.0, 0.0]",0,0.01721692457795143
"[1.0, 0.0]",0,0.01099339034408331
"[1.0, 0.0]",0,0.010918408632278442
"[1.0, 0.0]",0,0.016575448215007782
"[1.0, 0.0]",0,0.009805209003388882
"[1.0, 0.0]",0,0.0286481361836195
"[1.0, 0.0]",0,0.015028772875666618
"[1.0, 0.0]",0,0.012039998546242714
"[1.0, 0.0]",0,0.011392935179173946
"[1.0, 0.0]",0,0.00936278235167265
"[1.0, 0.0]",0,0.02095499262213707
"[1.0, 0.0]",0,0.01944880746304989
"[1.0, 0.0]",0,0.008603613823652267
"[1.0, 0.0]",0,0.012950469739735126
"[1.0, 0.0]",0,0.01973363198339939
"[1.0, 0.0]",0,0.47759199142456055
"[1.0, 0.0]",0,0.008561830967664719
"[1.0, 0.0]",0,0.05483546480536461
"[1.0, 0.0]",0,0.02427206188440323
"[1.0, 0.0]",0,0.03169821575284004
"[1.0, 0.0]",0,0.07925579696893692
"[1.0, 0.0]",0,0.029459966346621513
"[1.0, 0.0]",0,0.09672527760267258
"[1.0, 0.0]",0,0.008400162681937218
"[1.0, 0.0]",0,0.009089395403862
"[1.0, 0.0]",0,0.0682503804564476
"[1.0, 0.0]",0,0.010840432718396187
"[1.0, 0.0]",0,0.026799511164426804
"[1.0, 0.0]",0,0.009948302991688251
"[1.0, 0.0]",0,0.00896573718637228
"[1.0, 0.0]",0,0.041011448949575424
"[1.0, 0.0]",0,0.16166268289089203
"[1.0, 0.0]",1,0.7051234245300293
"[1.0, 0.0]",1,0.9070395231246948
"[1.0, 0.0]",0,0.06077990680932999
"[1.0, 0.0]",1,0.8811483383178711
"[1.0, 0.0]",0,0.14074666798114777
"[1.0, 0.0]",0,0.05441313609480858
"[1.0, 0.0]",0,0.018336571753025055
"[1.0, 0.0]",0,0.014889714308083057
"[1.0, 0.0]",0,0.01635829545557499
"[1.0, 0.0]",0,0.010631424374878407
"[1.0, 0.0]",0,0.00922989472746849
"[1.0, 0.0]",0,0.013901116326451302
"[1.0, 0.0]",0,0.23920542001724243
"[1.0, 0.0]",0,0.02288558892905712
"[1.0, 0.0]",0,0.07930481433868408
"[1.0, 0.0]",0,0.014343406073749065
"[1.0, 0.0]",0,0.13406705856323242
"[1.0, 0.0]",0,0.01812281273305416
"[1.0, 0.0]",0,0.048271097242832184
"[1.0, 0.0]",0,0.07294856011867523
"[1.0, 0.0]",0,0.01762133464217186
"[1.0, 0.0]",0,0.023150067776441574
"[1.0, 0.0]",0,0.05275920778512955
"[1.0, 0.0]",0,0.30920135974884033
"[1.0, 0.0]",1,0.8979325294494629
"[1.0, 0.0]",0,0.03317519649863243
"[1.0, 0.0]",0,0.0660950317978859
"[1.0, 0.0]",0,0.08867695182561874
"[1.0, 0.0]",0,0.03655267879366875
"[1.0, 0.0]",0,0.019786471500992775
"[1.0, 0.0]",0,0.028333483263850212
"[1.0, 0.0]",0,0.3190319240093231
"[1.0, 0.0]",0,0.08850037306547165
"[1.0, 0.0]",1,0.7116186618804932
"[1.0, 0.0]",0,0.05270865187048912
"[1.0, 0.0]",1,0.5462828278541565
"[1.0, 0.0]",0,0.03271955996751785
"[1.0, 0.0]",0,0.052443161606788635
"[1.0, 0.0]",0,0.015860291197896004
"[1.0, 0.0]",0,0.03372279927134514
"[1.0, 0.0]",0,0.013945739716291428
"[1.0, 0.0]",0,0.020349740982055664
"[1.0, 0.0]",0,0.05998069420456886
"[1.0, 0.0]",0,0.010192396119236946
"[1.0, 0.0]",0,0.0216355137526989
"[1.0, 0.0]",0,0.019976262003183365
"[1.0, 0.0]",0,0.011102494783699512
"[1.0, 0.0]",0,0.04947826266288757
"[1.0, 0.0]",0,0.19318559765815735
"[1.0, 0.0]",0,0.3616294860839844
"[1.0, 0.0]",1,0.5586785674095154
"[1.0, 0.0]",0,0.20521199703216553
"[1.0, 0.0]",0,0.125697523355484
"[1.0, 0.0]",0,0.45529764890670776
"[1.0, 0.0]",1,0.7275625467300415
"[1.0, 0.0]",0,0.09233802556991577
"[1.0, 0.0]",0,0.14820411801338196
"[1.0, 0.0]",1,0.8864938020706177
"[1.0, 0.0]",0,0.16093207895755768
"[1.0, 0.0]",0,0.01954297535121441
"[1.0, 0.0]",1,0.6672922372817993
"[1.0, 0.0]",1,0.7795448303222656
"[1.0, 0.0]",0,0.02928662672638893
"[1.0, 0.0]",1,0.8897748589515686
"[1.0, 0.0]",1,0.7678605914115906
"[1.0, 0.0]",0,0.07267092168331146
"[1.0, 0.0]",0,0.027502626180648804
"[1.0, 0.0]",0,0.011345149017870426
"[1.0, 0.0]",0,0.0476885549724102
"[1.0, 0.0]",1,0.747814953327179
"[1.0, 0.0]",1,0.935996949672699
"[1.0, 0.0]",0,0.31527015566825867
"[1.0, 0.0]",0,0.08023085445165634
"[1.0, 0.0]",0,0.030545469373464584
"[1.0, 0.0]",0,0.15978220105171204
"[1.0, 0.0]",0,0.06396349519491196
"[1.0, 0.0]",0,0.15109743177890778
"[1.0, 0.0]",0,0.013635141775012016
"[1.0, 0.0]",0,0.012887030839920044
"[1.0, 0.0]",0,0.013350536115467548
"[1.0, 0.0]",0,0.04389851540327072
"[1.0, 0.0]",0,0.008302787318825722
"[1.0, 0.0]",0,0.007919016294181347
"[1.0, 0.0]",1,0.9305864572525024
"[1.0, 0.0]",0,0.022387217730283737
"[1.0, 0.0]",0,0.014109174720942974
"[1.0, 0.0]",0,0.015744540840387344
"[1.0, 0.0]",0,0.02031749300658703
"[1.0, 0.0]",0,0.007905923761427402
"[1.0, 0.0]",0,0.04210500419139862
"[1.0, 0.0]",0,0.036219675093889236
"[1.0, 0.0]",0,0.09806902706623077
"[1.0, 0.0]",0,0.19070297479629517
"[1.0, 0.0]",0,0.01457883045077324
"[1.0, 0.0]",0,0.012525795958936214
"[1.0, 0.0]",0,0.013610403053462505
"[1.0, 0.0]",0,0.007622230798006058
"[1.0, 0.0]",0,0.011926716193556786
"[1.0, 0.0]",0,0.017820941284298897
"[1.0, 0.0]",0,0.014157244004309177
"[1.0, 0.0]",0,0.01181851513683796
"[1.0, 0.0]",0,0.008678890764713287
"[1.0, 0.0]",0,0.010835300199687481
"[1.0, 0.0]",0,0.02327864244580269
"[1.0, 0.0]",0,0.030228963121771812
"[1.0, 0.0]",0,0.08680275827646255
"[1.0, 0.0]",0,0.008430566638708115
"[1.0, 0.0]",0,0.00973735935986042
"[1.0, 0.0]",0,0.13774272799491882
"[1.0, 0.0]",0,0.2513469159603119
"[1.0, 0.0]",0,0.050889767706394196
"[1.0, 0.0]",0,0.19860436022281647
"[1.0, 0.0]",0,0.3052659332752228
"[1.0, 0.0]",0,0.11238505691289902
"[1.0, 0.0]",0,0.21124111115932465
"[1.0, 0.0]",0,0.05438106879591942
"[1.0, 0.0]",0,0.462368905544281
"[1.0, 0.0]",1,0.9328688979148865
"[1.0, 0.0]",0,0.10566848516464233
"[1.0, 0.0]",0,0.012657003477215767
"[1.0, 0.0]",0,0.008353582583367825
"[1.0, 0.0]",0,0.0319388322532177
"[1.0, 0.0]",0,0.010700913146138191
"[1.0, 0.0]",0,0.05139867961406708
"[1.0, 0.0]",1,0.9729552268981934
"[1.0, 0.0]",0,0.1546293944120407
"[1.0, 0.0]",0,0.014430942013859749
"[1.0, 0.0]",0,0.0384855791926384
"[1.0, 0.0]",0,0.4734135568141937
"[1.0, 0.0]",0,0.017827576026320457
"[1.0, 0.0]",0,0.008369634859263897
"[1.0, 0.0]",0,0.4430239498615265
"[1.0, 0.0]",1,0.8332183957099915
"[1.0, 0.0]",1,0.8801963925361633
"[1.0, 0.0]",0,0.09155566990375519
"[1.0, 0.0]",1,0.9450395107269287
"[1.0, 0.0]",0,0.011444086208939552
"[1.0, 0.0]",0,0.02986685000360012
"[1.0, 0.0]",1,0.8785193562507629
"[1.0, 0.0]",1,0.8930037021636963
"[1.0, 0.0]",1,0.8531543016433716
"[1.0, 0.0]",0,0.06376606971025467
"[1.0, 0.0]",0,0.03337829187512398
"[1.0, 0.0]",1,0.9173625111579895
"[1.0, 0.0]",0,0.12457934767007828
"[1.0, 0.0]",0,0.2998480796813965
"[1.0, 0.0]",0,0.011623036116361618
"[1.0, 0.0]",0,0.026931095868349075
"[1.0, 0.0]",0,0.009766627103090286
"[1.0, 0.0]",1,0.8471252918243408
"[1.0, 0.0]",0,0.013727354817092419
"[1.0, 0.0]",0,0.008717765100300312
"[1.0, 0.0]",0,0.05226892977952957
"[1.0, 0.0]",0,0.04716015234589577
"[1.0, 0.0]",0,0.25283339619636536
"[1.0, 0.0]",0,0.011083537712693214
"[1.0, 0.0]",0,0.07137599587440491
"[1.0, 0.0]",0,0.049731917679309845
"[1.0, 0.0]",1,0.7704938054084778
"[1.0, 0.0]",1,0.98073410987854
"[1.0, 0.0]",0,0.19032536447048187
"[1.0, 0.0]",0,0.08780290931463242
"[1.0, 0.0]",0,0.02184157259762287
"[1.0, 0.0]",1,0.9958547949790955
"[1.0, 0.0]",0,0.3075351119041443
"[1.0, 0.0]",1,0.5043243169784546
"[1.0, 0.0]",1,0.9008945822715759
"[1.0, 0.0]",0,0.00815170630812645
"[1.0, 0.0]",0,0.03615408018231392
"[1.0, 0.0]",1,0.9531791806221008
"[1.0, 0.0]",0,0.22930015623569489
"[1.0, 0.0]",0,0.011445957235991955
"[1.0, 0.0]",1,0.818606436252594
"[1.0, 0.0]",0,0.3103206157684326
"[1.0, 0.0]",0,0.4883468449115753
"[1.0, 0.0]",0,0.028714511543512344
"[1.0, 0.0]",1,0.9722020030021667
"[1.0, 0.0]",1,0.532249391078949
"[1.0, 0.0]",0,0.010147135704755783
"[1.0, 0.0]",0,0.03996293619275093
"[1.0, 0.0]",0,0.019887082278728485
"[1.0, 0.0]",1,0.7139860391616821
"[1.0, 0.0]",0,0.08934535831212997
"[1.0, 0.0]",0,0.4082987904548645
"[1.0, 0.0]",0,0.1005484089255333
"[1.0, 0.0]",0,0.07533740252256393
"[1.0, 0.0]",0,0.019393315538764
"[1.0, 0.0]",0,0.11984945088624954
"[1.0, 0.0]",0,0.01662292145192623
"[1.0, 0.0]",1,0.8626894950866699
"[1.0, 0.0]",0,0.026324400678277016
"[1.0, 0.0]",0,0.25792038440704346
"[1.0, 0.0]",0,0.040996890515089035
"[1.0, 0.0]",1,0.9542667865753174
"[1.0, 0.0]",0,0.041543375700712204
"[1.0, 0.0]",0,0.03710470721125603
"[1.0, 0.0]",0,0.3229164779186249
"[1.0, 0.0]",0,0.14555692672729492
"[1.0, 0.0]",0,0.1652880609035492
"[1.0, 0.0]",0,0.017584946006536484
"[1.0, 0.0]",0,0.022967983037233353
"[1.0, 0.0]",0,0.09156494587659836
"[1.0, 0.0]",0,0.016084233298897743
"[1.0, 0.0]",0,0.07405664026737213
"[1.0, 0.0]",1,0.9491651058197021
"[1.0, 0.0]",0,0.15870870649814606
"[1.0, 0.0]",0,0.04022028669714928
"[1.0, 0.0]",1,0.9716790318489075
"[1.0, 0.0]",0,0.10878589004278183
"[1.0, 0.0]",0,0.036923766136169434
"[1.0, 0.0]",1,0.9753955006599426
"[1.0, 0.0]",0,0.05543672293424606
"[1.0, 0.0]",0,0.18368591368198395
"[1.0, 0.0]",1,0.9857479929924011
"[1.0, 0.0]",0,0.040829531848430634
"[1.0, 0.0]",1,0.7637963891029358
"[1.0, 0.0]",0,0.020339716225862503
"[1.0, 0.0]",1,0.721417248249054
"[1.0, 0.0]",0,0.01630580611526966
"[1.0, 0.0]",0,0.00946823786944151
"[1.0, 0.0]",0,0.026290632784366608
"[1.0, 0.0]",1,0.9797495603561401
"[1.0, 0.0]",1,0.9883534908294678
"[1.0, 0.0]",1,0.8514323830604553
"[1.0, 0.0]",0,0.03763505071401596
"[1.0, 0.0]",0,0.2108467072248459
"[1.0, 0.0]",1,0.6866405010223389
"[1.0, 0.0]",1,0.757842481136322
"[1.0, 0.0]",1,0.8845703601837158
"[1.0, 0.0]",1,0.98792564868927
"[1.0, 0.0]",0,0.023220501840114594
"[1.0, 0.0]",0,0.16946174204349518
"[1.0, 0.0]",1,0.958294689655304
"[1.0, 0.0]",0,0.0693541169166565
"[1.0, 0.0]",1,0.8760621547698975
"[1.0, 0.0]",0,0.014437630772590637
"[1.0, 0.0]",0,0.015336510725319386
"[1.0, 0.0]",0,0.09156746417284012
"[1.0, 0.0]",1,0.7078214883804321
"[1.0, 0.0]",0,0.4158683121204376
"[1.0, 0.0]",0,0.05394186079502106
"[1.0, 0.0]",1,0.9674134850502014
"[1.0, 0.0]",0,0.4692648649215698
"[1.0, 0.0]",0,0.08896279335021973
"[1.0, 0.0]",0,0.1744966208934784
"[1.0, 0.0]",0,0.1487613171339035
"[1.0, 0.0]",0,0.007864932529628277
"[1.0, 0.0]",0,0.032024629414081573
"[1.0, 0.0]",0,0.07543396949768066
"[1.0, 0.0]",0,0.12581868469715118
"[1.0, 0.0]",0,0.10137287527322769
"[1.0, 0.0]",0,0.12418519705533981
"[1.0, 0.0]",0,0.08256153017282486
"[1.0, 0.0]",1,0.6370794773101807
"[1.0, 0.0]",0,0.015974262729287148
"[1.0, 0.0]",0,0.46450144052505493
"[1.0, 0.0]",0,0.041945017874240875
"[1.0, 0.0]",0,0.00967611838132143
"[1.0, 0.0]",0,0.09505270421504974
"[1.0, 0.0]",0,0.009560419246554375
"[1.0, 0.0]",0,0.008260812610387802
"[1.0, 0.0]",0,0.05621509999036789
"[1.0, 0.0]",0,0.04133935645222664
"[1.0, 0.0]",0,0.008732649497687817
"[1.0, 0.0]",0,0.008117491379380226
"[1.0, 0.0]",1,0.9524760246276855
"[1.0, 0.0]",0,0.11723913997411728
"[1.0, 0.0]",0,0.018948987126350403
"[1.0, 0.0]",0,0.011019705794751644
"[1.0, 0.0]",1,0.9495188593864441
"[1.0, 0.0]",0,0.026847247034311295
"[1.0, 0.0]",0,0.12370288372039795
"[1.0, 0.0]",0,0.09331458806991577
"[1.0, 0.0]",0,0.010041583329439163
"[1.0, 0.0]",0,0.24001073837280273
"[1.0, 0.0]",1,0.6553347110748291
"[1.0, 0.0]",0,0.01123582199215889
"[1.0, 0.0]",1,0.9046835899353027
"[1.0, 0.0]",0,0.03516317158937454
"[1.0, 0.0]",0,0.008486723527312279
"[1.0, 0.0]",0,0.008723337203264236
"[1.0, 0.0]",0,0.028381675481796265
"[1.0, 0.0]",0,0.04216762259602547
"[1.0, 0.0]",0,0.008761470206081867
"[1.0, 0.0]",0,0.027327241376042366
"[1.0, 0.0]",0,0.05342338979244232
"[1.0, 0.0]",0,0.016521967947483063
"[1.0, 0.0]",1,0.7849943041801453
"[1.0, 0.0]",0,0.010461441241204739
"[1.0, 0.0]",0,0.015238241292536259
"[1.0, 0.0]",0,0.2722170352935791
"[1.0, 0.0]",0,0.06702491641044617
"[1.0, 0.0]",1,0.9758323431015015
"[1.0, 0.0]",0,0.3284665048122406
"[1.0, 0.0]",0,0.020675407722592354
"[1.0, 0.0]",0,0.010353146120905876
"[1.0, 0.0]",0,0.008107779547572136
"[1.0, 0.0]",0,0.03236500918865204
"[1.0, 0.0]",1,0.9131906628608704
"[1.0, 0.0]",0,0.07778085768222809
"[1.0, 0.0]",0,0.12472368031740189
"[1.0, 0.0]",0,0.008080033585429192
"[1.0, 0.0]",0,0.017659926787018776
"[1.0, 0.0]",1,0.8826209902763367
"[1.0, 0.0]",0,0.10635574907064438
"[1.0, 0.0]",0,0.3339972198009491
"[1.0, 0.0]",0,0.013184313662350178
"[1.0, 0.0]",0,0.02286466769874096
"[1.0, 0.0]",0,0.010874578729271889
"[1.0, 0.0]",0,0.010851758532226086
"[1.0, 0.0]",0,0.04866846650838852
"[1.0, 0.0]",0,0.25374120473861694
"[1.0, 0.0]",0,0.12086602300405502
"[1.0, 0.0]",1,0.8640286326408386
"[1.0, 0.0]",0,0.009851600974798203
"[1.0, 0.0]",0,0.2855892777442932
"[1.0, 0.0]",1,0.6003946661949158
"[1.0, 0.0]",1,0.8797401189804077
"[1.0, 0.0]",0,0.010676585137844086
"[1.0, 0.0]",0,0.3303268551826477
"[1.0, 0.0]",0,0.01052981149405241
"[1.0, 0.0]",1,0.8175934553146362
"[1.0, 0.0]",0,0.0210095327347517
"[1.0, 0.0]",0,0.00862844381481409
"[1.0, 0.0]",1,0.8930752873420715
"[1.0, 0.0]",0,0.008984052576124668
"[1.0, 0.0]",0,0.013930843211710453
"[1.0, 0.0]",1,0.9917565584182739
"[1.0, 0.0]",0,0.3828889727592468
"[1.0, 0.0]",0,0.3470075726509094
"[1.0, 0.0]",1,0.8393104076385498
"[1.0, 0.0]",0,0.025221221148967743
"[1.0, 0.0]",0,0.017880572006106377
"[1.0, 0.0]",1,0.9158905744552612
"[1.0, 0.0]",0,0.018709922209382057
"[1.0, 0.0]",0,0.018058134242892265
"[1.0, 0.0]",0,0.06905540823936462
"[1.0, 0.0]",1,0.5676783323287964
"[1.0, 0.0]",1,0.5493741035461426
"[1.0, 0.0]",0,0.08597635477781296
"[1.0, 0.0]",0,0.07789038121700287
"[1.0, 0.0]",1,0.9764100313186646
"[1.0, 0.0]",0,0.0354510098695755
"[1.0, 0.0]",1,0.5005673766136169
"[1.0, 0.0]",0,0.026628617197275162
"[1.0, 0.0]",0,0.03229789063334465
"[1.0, 0.0]",1,0.9070478677749634
"[1.0, 0.0]",0,0.3611399829387665
"[1.0, 0.0]",1,0.8852266669273376
"[1.0, 0.0]",1,0.9746288657188416
"[1.0, 0.0]",1,0.8655864000320435
"[1.0, 0.0]",0,0.01231611892580986
"[1.0, 0.0]",0,0.00944941584020853
"[1.0, 0.0]",0,0.010449527762830257
"[1.0, 0.0]",0,0.0742848590016365
"[1.0, 0.0]",1,0.9748913645744324
"[1.0, 0.0]",0,0.1626986861228943
"[1.0, 0.0]",0,0.013204088434576988
"[1.0, 0.0]",0,0.2290506362915039
"[1.0, 0.0]",1,0.7131673097610474
"[1.0, 0.0]",0,0.21735337376594543
"[1.0, 0.0]",0,0.10001111030578613
"[1.0, 0.0]",0,0.008389865979552269
"[1.0, 0.0]",0,0.045494262129068375
"[1.0, 0.0]",0,0.01093604788184166
"[1.0, 0.0]",0,0.022464042529463768
"[1.0, 0.0]",0,0.1167987659573555
"[1.0, 0.0]",0,0.3335038125514984
"[1.0, 0.0]",0,0.010863015428185463
"[1.0, 0.0]",0,0.05080477148294449
"[1.0, 0.0]",0,0.01968894526362419
"[1.0, 0.0]",0,0.009453545324504375
"[1.0, 0.0]",0,0.09023961424827576
"[1.0, 0.0]",1,0.9294108748435974
"[1.0, 0.0]",0,0.02009277045726776
"[1.0, 0.0]",0,0.011442725546658039
"[1.0, 0.0]",0,0.05620420351624489
"[1.0, 0.0]",0,0.025080891326069832
"[1.0, 0.0]",0,0.07192210108041763
"[1.0, 0.0]",1,0.6458369493484497
"[1.0, 0.0]",0,0.008508776314556599
"[1.0, 0.0]",0,0.18468092381954193
"[1.0, 0.0]",0,0.019849929958581924
"[1.0, 0.0]",0,0.01277287770062685
"[1.0, 0.0]",0,0.01086144708096981
"[1.0, 0.0]",1,0.5442356467247009
"[1.0, 0.0]",0,0.07173047959804535
"[1.0, 0.0]",1,0.6260985136032104
"[1.0, 0.0]",0,0.009427945129573345
"[1.0, 0.0]",1,0.7538442015647888
"[1.0, 0.0]",0,0.10104810446500778
"[1.0, 0.0]",0,0.04827525466680527
"[1.0, 0.0]",0,0.012306168675422668
"[1.0, 0.0]",0,0.07307659834623337
"[1.0, 0.0]",1,0.6692912578582764
"[1.0, 0.0]",0,0.010600253008306026
"[1.0, 0.0]",0,0.026421593502163887
"[1.0, 0.0]",1,0.5097776651382446
"[1.0, 0.0]",0,0.1694789081811905
"[1.0, 0.0]",0,0.15527553856372833
"[1.0, 0.0]",0,0.041841957718133926
"[1.0, 0.0]",0,0.024623975157737732
"[1.0, 0.0]",0,0.023798728361725807
"[1.0, 0.0]",1,0.9782325029373169
"[1.0, 0.0]",0,0.05860143154859543
"[1.0, 0.0]",1,0.8570641279220581
"[1.0, 0.0]",0,0.011465991847217083
"[1.0, 0.0]",0,0.01742159202694893
"[1.0, 0.0]",0,0.3271655738353729
"[1.0, 0.0]",0,0.20939168334007263
"[1.0, 0.0]",0,0.021882575005292892
"[1.0, 0.0]",0,0.019384585320949554
"[1.0, 0.0]",0,0.025061309337615967
"[1.0, 0.0]",0,0.0266252588480711
"[1.0, 0.0]",0,0.008400424383580685
"[1.0, 0.0]",0,0.015884246677160263
"[1.0, 0.0]",0,0.008298611268401146
"[1.0, 0.0]",0,0.09525679796934128
"[1.0, 0.0]",1,0.9660475254058838
"[1.0, 0.0]",1,0.9707712531089783
"[1.0, 0.0]",0,0.01721046306192875
"[1.0, 0.0]",0,0.01828572526574135
"[1.0, 0.0]",0,0.039952781051397324
"[1.0, 0.0]",1,0.5623779892921448
"[1.0, 0.0]",0,0.025128614157438278
"[1.0, 0.0]",0,0.03395577147603035
"[1.0, 0.0]",0,0.09850715100765228
"[1.0, 0.0]",1,0.6550721526145935
"[1.0, 0.0]",0,0.010021873749792576
"[1.0, 0.0]",0,0.010147328488528728
"[1.0, 0.0]",0,0.23661689460277557
"[1.0, 0.0]",0,0.013362501747906208
"[1.0, 0.0]",1,0.6766115427017212
"[1.0, 0.0]",0,0.014753351919353008
"[1.0, 0.0]",0,0.009221143089234829
"[1.0, 0.0]",0,0.02571382001042366
"[1.0, 0.0]",0,0.07379157096147537
"[1.0, 0.0]",0,0.45054635405540466
"[1.0, 0.0]",0,0.3234754800796509
"[1.0, 0.0]",0,0.01740184985101223
"[1.0, 0.0]",0,0.011640424840152264
"[1.0, 0.0]",0,0.08049609512090683
"[1.0, 0.0]",1,0.9484049677848816
"[1.0, 0.0]",1,0.733816385269165
"[1.0, 0.0]",0,0.011162139475345612
"[1.0, 0.0]",0,0.010662698186933994
"[1.0, 0.0]",0,0.3749942481517792
"[1.0, 0.0]",0,0.10432827472686768
"[1.0, 0.0]",0,0.011007952503859997
"[1.0, 0.0]",0,0.14304305613040924
"[1.0, 0.0]",0,0.16544590890407562
"[1.0, 0.0]",0,0.009267689660191536
"[1.0, 0.0]",1,0.9737771153450012
"[1.0, 0.0]",1,0.5552496314048767
"[1.0, 0.0]",0,0.03322366625070572
"[1.0, 0.0]",0,0.16796869039535522
"[1.0, 0.0]",0,0.052788980305194855
"[1.0, 0.0]",0,0.018455397337675095
"[1.0, 0.0]",0,0.04638172686100006
"[1.0, 0.0]",0,0.013123271986842155
"[1.0, 0.0]",0,0.014901833608746529
"[1.0, 0.0]",0,0.06086907908320427
"[1.0, 0.0]",1,0.8308019638061523
"[1.0, 0.0]",0,0.042005330324172974
"[1.0, 0.0]",0,0.08769837766885757
"[1.0, 0.0]",0,0.011209205724298954
"[1.0, 0.0]",0,0.008817394264042377
"[1.0, 0.0]",1,0.7527735829353333
"[1.0, 0.0]",0,0.06545004993677139
"[1.0, 0.0]",0,0.24400006234645844
"[1.0, 0.0]",0,0.4408971965312958
"[1.0, 0.0]",0,0.027761278674006462
"[1.0, 0.0]",0,0.05440179258584976
"[1.0, 0.0]",0,0.010686919093132019
"[1.0, 0.0]",1,0.9294739365577698
"[1.0, 0.0]",0,0.012929020449519157
"[1.0, 0.0]",0,0.027294762432575226
"[1.0, 0.0]",0,0.27275750041007996
"[1.0, 0.0]",0,0.08696762472391129
"[1.0, 0.0]",0,0.07638707011938095
"[1.0, 0.0]",1,0.6651875376701355
"[1.0, 0.0]",0,0.017694983631372452
"[1.0, 0.0]",0,0.2832718789577484
"[1.0, 0.0]",1,0.9454524517059326
"[1.0, 0.0]",1,0.9734840989112854
"[1.0, 0.0]",0,0.3709273040294647
"[1.0, 0.0]",1,0.9819768667221069
"[1.0, 0.0]",0,0.03346770629286766
"[1.0, 0.0]",0,0.01100107654929161
"[1.0, 0.0]",0,0.013196330517530441
"[1.0, 0.0]",1,0.9538972973823547
"[1.0, 0.0]",1,0.7347328066825867
"[1.0, 0.0]",0,0.012631215155124664
"[1.0, 0.0]",1,0.8899380564689636
"[1.0, 0.0]",1,0.6371894478797913
"[1.0, 0.0]",0,0.02001948468387127
"[1.0, 0.0]",0,0.1513739824295044
"[1.0, 0.0]",1,0.7592345476150513
"[1.0, 0.0]",0,0.03843174874782562
"[1.0, 0.0]",0,0.1546293944120407
"[1.0, 0.0]",0,0.014430942013859749
"[1.0, 0.0]",0,0.0384855791926384
"[1.0, 0.0]",0,0.4734135568141937
"[1.0, 0.0]",0,0.017827576026320457
"[1.0, 0.0]",0,0.008369634859263897
"[1.0, 0.0]",0,0.4430239498615265
"[1.0, 0.0]",1,0.9173625111579895
"[1.0, 0.0]",0,0.12457934767007828
"[1.0, 0.0]",0,0.2998480796813965
"[1.0, 0.0]",0,0.011623036116361618
"[1.0, 0.0]",0,0.026931095868349075
"[1.0, 0.0]",0,0.009766627103090286
"[1.0, 0.0]",1,0.8471252918243408
"[1.0, 0.0]",0,0.013727354817092419
"[1.0, 0.0]",0,0.008717765100300312
"[1.0, 0.0]",0,0.05226892977952957
"[1.0, 0.0]",0,0.04716015234589577
"[1.0, 0.0]",0,0.25283339619636536
"[1.0, 0.0]",0,0.011083537712693214
"[1.0, 0.0]",0,0.07137599587440491
"[1.0, 0.0]",0,0.049731917679309845
"[1.0, 0.0]",1,0.7704938054084778
